<?xml version="1.0" encoding="utf-8" ?><dwsync><file name="murals-01-1.jpg" server="ftp.eclipsic.com/eclipsic.com/" local="3308663939" remote="67740289680" /><file name="murals-01-2.jpg" server="ftp.eclipsic.com/eclipsic.com/" local="3308668793" remote="67740289680" /><file name="murals-02-1.jpg" server="ftp.eclipsic.com/eclipsic.com/" local="3308665132" remote="67740289680" /><file name="murals-02-2.jpg" server="ftp.eclipsic.com/eclipsic.com/" local="3308666105" remote="67740289680" /><file name="murals-02-3.jpg" server="ftp.eclipsic.com/eclipsic.com/" local="3308666854" remote="67740289680" /><file name="murals-03-1.jpg" server="ftp.eclipsic.com/eclipsic.com/" local="3308667429" remote="67740289740" /><file name="murals-03-2.jpg" server="ftp.eclipsic.com/eclipsic.com/" local="3308667765" remote="67740289740" /><file name="murals-03-3.jpg" server="ftp.eclipsic.com/eclipsic.com/" local="3308668597" remote="67740289740" /><file name="murals-04-1.jpg" server="ftp.eclipsic.com/eclipsic.com/" local="3308669098" remote="67740289740" /><file name="murals-04-2.jpg" server="ftp.eclipsic.com/eclipsic.com/" local="3308669513" remote="67740289740" /><file name="murals-04-3.jpg" server="ftp.eclipsic.com/eclipsic.com/" local="3308669999" remote="67740289740" /><file name="murals-04-4.jpg" server="ftp.eclipsic.com/eclipsic.com/" local="3308670101" remote="67740289740" /><file name="murals-04-5.jpg" server="ftp.eclipsic.com/eclipsic.com/" local="3308670205" remote="67740289740" /><file name="murals-04-6.jpg" server="ftp.eclipsic.com/eclipsic.com/" local="3308670356" remote="67740289740" /><file name="murals-05-1.jpg" server="ftp.eclipsic.com/eclipsic.com/" local="3308670759" remote="67740289740" /><file name="murals-05-2.jpg" server="ftp.eclipsic.com/eclipsic.com/" local="3308670988" remote="67740289740" /><file name="murals-05-3.jpg" server="ftp.eclipsic.com/eclipsic.com/" local="3308671291" remote="67740289740" /><file name="murals-06-1.jpg" server="ftp.eclipsic.com/eclipsic.com/" local="3308671483" remote="67740289740" /><file name="murals-07-1.jpg" server="ftp.eclipsic.com/eclipsic.com/" local="3308673569" remote="67740289740" /><file name="murals-07-2.jpg" server="ftp.eclipsic.com/eclipsic.com/" local="3308673127" remote="67740289740" /><file name="murals-07-3.jpg" server="ftp.eclipsic.com/eclipsic.com/" local="3308673361" remote="67740289740" /><file name="murals-08-1.jpg" server="ftp.eclipsic.com/eclipsic.com/" local="3308672054" remote="67740289800" /><file name="murals-08-2.jpg" server="ftp.eclipsic.com/eclipsic.com/" local="3308672280" remote="67740289800" /><file name="murals-09-1.jpg" server="ftp.eclipsic.com/eclipsic.com/" local="3308679825" remote="67740289800" /><file name="murals-09-2.jpg" server="ftp.eclipsic.com/eclipsic.com/" local="3308679842" remote="67740289800" /><file name="murals-09-3.jpg" server="ftp.eclipsic.com/eclipsic.com/" local="3308679853" remote="67740289800" /><file name="murals-09-4.jpg" server="ftp.eclipsic.com/eclipsic.com/" local="3308680751" remote="67740289800" /><file name="murals-10-1.jpg" server="ftp.eclipsic.com/eclipsic.com/" local="3308681042" remote="67740289800" /><file name="murals-10-2.jpg" server="ftp.eclipsic.com/eclipsic.com/" local="3308681070" remote="67740289800" /><file name="murals-10-3.jpg" server="ftp.eclipsic.com/eclipsic.com/" local="3308681081" remote="67740289800" /><file name="murals-11-1.jpg" server="ftp.eclipsic.com/eclipsic.com/" local="3308681593" remote="67740289800" /><file name="murals-11-2.jpg" server="ftp.eclipsic.com/eclipsic.com/" local="3308681615" remote="67740289800" /><file name="murals-12-1.jpg" server="ftp.eclipsic.com/eclipsic.com/" local="3308681972" remote="67740289800" /><file name="murals-12-2.jpg" server="ftp.eclipsic.com/eclipsic.com/" local="3308681984" remote="67740289800" /><file name="murals-12-3.jpg" server="ftp.eclipsic.com/eclipsic.com/" local="3308681995" remote="67740289800" /></dwsync>